{"cameraMode":{"drawMode":0,"name":"Shaded","section":"Shading Mode"},"sceneLighting":false,"audioPlay":false,"sceneViewState":{"m_AlwaysRefresh":false,"showFog":true,"showSkybox":false,"showFlares":true,"showImageEffects":true,"showParticleSystems":true,"showVisualEffectGraphs":true,"m_FxEnabled":true},"in2DMode":false,"pivot":{"x":0.2798944413661957,"y":2.2123990058898927,"z":-0.5263027548789978},"rotation":{"x":-0.39355218410491946,"y":0.5817115306854248,"z":-0.38054540753364565,"w":-0.6015938520431519},"size":3.0310888290405275,"orthographic":false}