{"cameraMode":{"drawMode":0,"name":"Shaded","section":"Shading Mode"},"sceneLighting":false,"audioPlay":false,"sceneViewState":{"m_AlwaysRefresh":false,"showFog":true,"showSkybox":false,"showFlares":true,"showImageEffects":true,"showParticleSystems":true,"showVisualEffectGraphs":true,"m_FxEnabled":true},"in2DMode":false,"pivot":{"x":21.301469802856447,"y":20.941513061523439,"z":87.2181396484375},"rotation":{"x":-0.46736863255500796,"y":-0.21452566981315614,"z":0.11783117800951004,"w":-0.8497647643089294},"size":143.43382263183595,"orthographic":false}