{"cameraMode":{"drawMode":0,"name":"Shaded","section":"Shading Mode"},"sceneLighting":false,"audioPlay":false,"sceneViewState":{"m_AlwaysRefresh":false,"showFog":true,"showSkybox":false,"showFlares":true,"showImageEffects":true,"showParticleSystems":true,"showVisualEffectGraphs":true,"m_FxEnabled":true},"in2DMode":false,"pivot":{"x":-0.9776239991188049,"y":1.1025115251541138,"z":-5.550000190734863},"rotation":{"x":-0.16356143355369569,"y":0.10837690532207489,"z":-0.018080798909068109,"w":-0.9803956747055054},"size":1.6520411968231202,"orthographic":false}